{
  "project_info": {
    "project_number": "280344672932",
    "firebase_url": "https://version01-08072019.firebaseio.com",
    "project_id": "version01-08072019",
    "storage_bucket": "version01-08072019.appspot.com"
  },
  "client": [
    {
      "client_info": {
        "mobilesdk_app_id": "1:280344672932:android:13c3c6a65bcbec53",
        "android_client_info": {
          "package_name": "com.example.myapplication"
        }
      },
      "oauth_client": [
        {
          "client_id": "280344672932-04svhqk1uh8947v95lpl5jl58qkvgvlt.apps.googleusercontent.com",
          "client_type": 3
        }
      ],
      "api_key": [
        {
          "current_key": "AIzaSyDoWSJ8GeRkCQ5IytlMlyB7T03WvklNsVM"
        }
      ],
      "services": {
        "appinvite_service": {
          "other_platform_oauth_client": [
            {
              "client_id": "280344672932-ucebmdr51rs35ev57jvru1lfi6idan3s.apps.googleusercontent.com",
              "client_type": 3
            }
          ]
        }
      }
    }
  ],
  "configuration_version": "1"
}